from;message;date;time
Ani; Apakah Foundation Manggis cocok untuk kulit berminyak?;01/06/2024;10:52
Bot; Ya, Foundation Manggis cocok untuk kulit berminyak karena formulanya yang ringan dan dapat mengontrol minyak.;01/06/2024;10:53
Budi; Saya ingin membeli Loose Powder Kedondong untuk kulit sensitif.;02/06/2024;10:54
Bot; Loose Powder Kedondong sangat cocok untuk kulit sensitif karena tidak mengandung bahan kimia yang keras.;02/06/2024;10:55
Cici; Apakah Concealer Kemangi bisa digunakan sebagai base eyeshadow?;03/06/2024;10:56
Bot; Ya, Concealer Kemangi bisa digunakan sebagai base eyeshadow untuk membantu warna eyeshadow lebih keluar dan tahan lama.;03/06/2024;10:57
Dedi; Saya mencari Lipstick Durian dengan hasil akhir satin.;04/06/2024;10:58
Bot; Lipstick Durian dengan hasil akhir satin akan memberikan tampilan yang lembut dan berkilau. Kami memiliki beberapa pilihan warna yang dapat Anda pilih.;04/06/2024;10:59
Eka; Bagaimana cara menggunakan Highlighter Durian agar terlihat natural?;05/06/2024;11:00
Bot; Untuk tampilan natural, aplikasikan Highlighter Durian di titik-titik tinggi wajah seperti tulang pipi, tulang alis, dan cuping hidung dengan kuas atau jari.;05/06/2024;11:01
Fani; Apakah Blush On Jeruk mudah dibaurkan?;06/06/2024;11:02
Bot; Ya, Blush On Jeruk memiliki tekstur yang mudah dibaurkan sehingga Anda bisa mendapatkan tampilan yang merata dan alami.;06/06/2024;11:03
Gani; Saya ingin memesan Foundation Jeruk dengan SPF 30.;07/06/2024;11:04
Bot; Foundation Jeruk dengan SPF 30 tersedia dan siap untuk dipesan. Silakan konfirmasi pesanan Anda.;07/06/2024;11:05
Hani; Apakah Loose Powder Kedondong dapat digunakan untuk baking makeup?;08/06/2024;11:06
Bot; Ya, Loose Powder Kedondong sangat baik untuk teknik baking karena mampu memberikan hasil akhir yang halus dan tahan lama.;08/06/2024;11:07
Intan; Saya mencari Concealer Kemangi yang cocok untuk semua jenis kulit.;09/06/2024;11:08
Bot; Concealer Kemangi diformulasikan untuk cocok dengan semua jenis kulit, memberikan hasil yang natural dan menutupi dengan baik.;09/06/2024;11:09
Joko; Apakah Lipstick Lengkeng tersedia dalam warna pink?;10/06/2024;11:10
Bot; Ya, kami memiliki Lipstick Lengkeng dalam berbagai pilihan warna pink yang menarik.;10/06/2024;11:11
Kiki; Bagaimana cara membersihkan makeup waterproof dengan aman?;11/06/2024;11:12
Bot; Untuk membersihkan makeup waterproof, gunakan pembersih berbasis minyak atau micellar water. Usap lembut dan bilas dengan air hangat.;11/06/2024;11:13
Lina; Saya ingin mencoba Highlighter Durian dalam warna silver.;12/06/2024;11:14
Bot; Highlighter Durian dalam warna silver akan memberikan kilau yang menawan. Anda bisa memesannya sekarang.;12/06/2024;11:15
Mira; Apakah Blush On Mangga cocok untuk kulit kering?;13/06/2024;11:16
Bot; Ya, Blush On Mangga cocok untuk kulit kering karena formulanya yang melembapkan dan mudah dibaurkan.;13/06/2024;11:17
Nani; Saya ingin memesan Foundation Manggis dalam shade medium.;14/06/2024;11:18
Bot; Foundation Manggis dalam shade medium tersedia dan siap untuk dipesan. Silakan konfirmasi pesanan Anda.;14/06/2024;11:19
Oni; Apakah Lipstick Semangka mengandung bahan berbahaya?;01/06/2024;11:20
Bot; Tidak, Lipstick Semangka bebas dari bahan berbahaya dan aman digunakan setiap hari.;01/06/2024;11:21
Peni; Bagaimana cara mengaplikasikan Blush On Jeruk agar tahan lama?;02/06/2024;11:22
Bot; Untuk membuat Blush On Jeruk tahan lama, aplikasikan di atas foundation dan set dengan sedikit bedak translucent.;02/06/2024;11:23
Qori; Saya ingin mencari Foundation Jeruk dengan hasil akhir dewy.;03/06/2024;11:24
Bot; Foundation Jeruk dengan hasil akhir dewy akan memberikan tampilan kulit yang segar dan bercahaya. Kami memiliki beberapa pilihan yang dapat Anda coba.;03/06/2024;11:25
Rina; Apakah Loose Powder Kedondong membantu mengurangi kilap pada wajah?;04/06/2024;11:26
Bot; Ya, Loose Powder Kedondong sangat baik untuk mengurangi kilap dan memberikan tampilan matte yang tahan lama.;04/06/2024;11:27
Sari; Saya mencari Concealer Kemangi untuk menyamarkan garis halus.;05/06/2024;11:28
Bot; Concealer Kemangi memiliki formula yang dapat membantu menyamarkan garis halus dan memberikan tampilan yang halus dan merata.;05/06/2024;11:29
Tina; Apakah Lipstick Durian tersedia dalam warna coral?;06/06/2024;11:30
Bot; Ya, Lipstick Durian dalam warna coral tersedia dan siap untuk dipesan. Warna ini akan memberikan tampilan segar pada bibir Anda.;06/06/2024;11:31
Umi; Bagaimana cara menghapus Highlighter Durian dengan lembut?;07/06/2024;11:32
Bot; Untuk menghapus Highlighter Durian dengan lembut, gunakan pembersih makeup atau micellar water dan usap perlahan dengan kapas.;07/06/2024;11:33
Vera; Apakah Blush On Mangga tahan sepanjang hari?;08/06/2024;11:34
Bot; Ya, Blush On Mangga memiliki daya tahan yang baik dan dapat bertahan sepanjang hari, terutama jika diaplikasikan di atas foundation.;08/06/2024;11:35
Wina; Saya ingin mencoba Foundation Manggis dalam formula oil-free.;09/06/2024;11:36
Bot; Foundation Manggis dalam formula oil-free sangat cocok untuk kulit berminyak dan kombinasi. Silakan lakukan pemesanan sekarang.;09/06/2024;11:37
Xena; Apakah Lipstick Semangka memberikan hasil akhir yang matte?;10/06/2024;11:38
Bot; Ya, Lipstick Semangka tersedia dalam formula yang memberikan hasil akhir matte, ideal untuk tampilan yang tahan lama.;10/06/2024;11:39
Yuni; Bagaimana cara mengaplikasikan Blush On Jeruk untuk tampilan natural?;11/06/2024;11:40
Bot; Untuk tampilan natural, aplikasikan Blush On Jeruk dengan kuas secara tipis dan ratakan dengan gerakan memutar.;11/06/2024;11:41
Zaki; Saya ingin memesan Foundation Jeruk dengan kandungan vitamin E.;12/06/2024;11:42
Bot; Foundation Jeruk dengan kandungan vitamin E tersedia dan siap untuk dipesan. Vitamin E akan membantu menutrisi kulit Anda.;12/06/2024;11:43
Arif; Apakah Loose Powder Kedondong membantu menyamarkan pori-pori?;13/06/2024;11:44
Bot; Ya, Loose Powder Kedondong dapat membantu menyamarkan pori-pori dan memberikan tampilan kulit yang halus.;13/06/2024;11:45
Bimo; Saya mencari Concealer Kemangi yang tahan air.;14/06/2024;11:46
Bot; Concealer Kemangi tersedia dalam formula tahan air yang memastikan makeup tetap rapi sepanjang hari.;14/06/2024;11:47
Citra; Apakah Lipstick Lengkeng tersedia dalam warna nude?;01/06/2024;11:48
Bot; Ya, kami memiliki Lipstick Lengkeng dalam beberapa pilihan warna nude yang menarik.;01/06/2024;11:49
Dina; Bagaimana cara membersihkan makeup waterproof dengan aman?;02/06/2024;11:50
Bot; Untuk membersihkan makeup waterproof, gunakan pembersih berbasis minyak atau micellar water. Usap lembut dan bilas dengan air hangat.;02/06/2024;11:51
Eko; Saya ingin mencoba Highlighter Durian dalam warna silver.;03/06/2024;11:52
Bot; Highlighter Durian dalam warna silver akan memberikan kilau yang menawan. Anda bisa memesannya sekarang.;03/06/2024;11:53
Fani; Apakah Blush On Jeruk mudah dibaurkan?;04/06/2024;11:54
Bot; Ya, Blush On Jeruk memiliki tekstur yang mudah dibaurkan sehingga Anda bisa mendapatkan tampilan yang merata dan alami.;04/06/2024;11:55
Gani; Saya ingin memesan Foundation Jeruk dengan SPF 30.;05/06/2024;11:56
Bot; Foundation Jeruk dengan SPF 30 tersedia dan siap untuk dipesan. Silakan konfirmasi pesanan Anda.;05/06/2024;11:57
Hani; Apakah Loose Powder Kedondong dapat digunakan untuk baking makeup?;06/06/2024;11:58
Bot; Ya, Loose Powder Kedondong sangat baik untuk teknik baking karena mampu memberikan hasil akhir yang halus dan tahan lama.;06/06/2024;11:59
Intan; Saya mencari Concealer Kemangi yang cocok untuk semua jenis kulit.;07/06/2024;12:00
Bot; Concealer Kemangi diformulasikan untuk cocok dengan semua jenis kulit, memberikan hasil yang natural dan menutupi dengan baik.;07/06/2024;12:01
Joko; Apakah Lipstick Lengkeng tersedia dalam warna pink?;08/06/2024;12:02
Bot; Ya, kami memiliki Lipstick Lengkeng dalam berbagai pilihan warna pink yang menarik.;08/06/2024;12:03
Kiki; Bagaimana cara membersihkan makeup waterproof dengan aman?;09/06/2024;12:04
Bot; Untuk membersihkan makeup waterproof, gunakan pembersih berbasis minyak atau micellar water. Usap lembut dan bilas dengan air hangat.;09/06/2024;12:05
Lina; Saya ingin mencoba Highlighter Durian dalam warna silver.;10/06/2024;12:06
Bot; Highlighter Durian dalam warna silver akan memberikan kilau yang menawan. Anda bisa memesannya sekarang.;10/06/2024;12:07
Mira; Apakah Blush On Mangga cocok untuk kulit kering?;11/06/2024;12:08
Bot; Ya, Blush On Mangga cocok untuk kulit kering karena formulanya yang melembapkan dan mudah dibaurkan.;11/06/2024;12:09
Nani; Saya ingin memesan Foundation Manggis dalam shade medium.;12/06/2024;12:10
Bot; Foundation Manggis dalam shade medium tersedia dan siap untuk dipesan. Silakan konfirmasi pesanan Anda.;12/06/2024;12:11
Oni; Apakah Lipstick Semangka mengandung bahan berbahaya?;13/06/2024;12:12
Bot; Tidak, Lipstick Semangka bebas dari bahan berbahaya dan aman digunakan setiap hari.;13/06/2024;12:13
Peni; Bagaimana cara mengaplikasikan Blush On Jeruk agar tahan lama?;14/06/2024;12:14
Bot; Untuk membuat Blush On Jeruk tahan lama, aplikasikan di atas foundation dan set dengan sedikit bedak translucent.;14/06/2024;12:15
Qori; Saya ingin mencari Foundation Jeruk dengan hasil akhir dewy.;01/06/2024;12:16
Bot; Foundation Jeruk dengan hasil akhir dewy akan memberikan tampilan kulit yang segar dan bercahaya. Kami memiliki beberapa pilihan yang dapat Anda coba.;01/06/2024;12:17
Rina; Apakah Loose Powder Kedondong membantu mengurangi kilap pada wajah?;02/06/2024;12:18
Bot; Ya, Loose Powder Kedondong sangat baik untuk mengurangi kilap dan memberikan tampilan matte yang tahan lama.;02/06/2024;12:19
Sari; Saya mencari Concealer Kemangi untuk menyamarkan garis halus.;03/06/2024;12:20
Bot; Concealer Kemangi memiliki formula yang dapat membantu menyamarkan garis halus dan memberikan tampilan yang halus dan merata.;03/06/2024;12:21
Tina; Apakah Lipstick Durian tersedia dalam warna coral?;04/06/2024;12:22
Bot; Ya, Lipstick Durian dalam warna coral tersedia dan siap untuk dipesan. Warna ini akan memberikan tampilan segar pada bibir Anda.;04/06/2024;12:23
Umi; Bagaimana cara menghapus Highlighter Durian dengan lembut?;05/06/2024;12:24
Bot; Untuk menghapus Highlighter Durian dengan lembut, gunakan pembersih makeup atau micellar water dan usap perlahan dengan kapas.;05/06/2024;12:25
Vera; Apakah Blush On Mangga tahan sepanjang hari?;06/06/2024;12:26
Bot; Ya, Blush On Mangga memiliki daya tahan yang baik dan dapat bertahan sepanjang hari, terutama jika diaplikasikan di atas foundation.;06/06/2024;12:27
Wina; Saya ingin mencoba Foundation Manggis dalam formula oil-free.;07/06/2024;12:28
Bot; Foundation Manggis dalam formula oil-free sangat cocok untuk kulit berminyak dan kombinasi. Silakan lakukan pemesanan sekarang.;07/06/2024;12:29
Xena; Apakah Lipstick Semangka memberikan hasil akhir yang matte?;08/06/2024;12:30
Bot; Ya, Lipstick Semangka tersedia dalam formula yang memberikan hasil akhir matte, ideal untuk tampilan yang tahan lama.;08/06/2024;12:31
Yuni; Bagaimana cara mengaplikasikan Blush On Jeruk untuk tampilan natural?;09/06/2024;12:32
Bot; Untuk tampilan natural, aplikasikan Blush On Jeruk dengan kuas secara tipis dan ratakan dengan gerakan memutar.;09/06/2024;12:33
Zaki; Saya ingin memesan Foundation Jeruk dengan kandungan vitamin E.;10/06/2024;12:34
Bot; Foundation Jeruk dengan kandungan vitamin E tersedia dan siap untuk dipesan. Vitamin E akan membantu menutrisi kulit Anda.;10/06/2024;12:35
Arif; Apakah Loose Powder Kedondong membantu menyamarkan pori-pori?;11/06/2024;12:36
Bot; Ya, Loose Powder Kedondong dapat membantu menyamarkan pori-pori dan memberikan tampilan kulit yang halus.;11/06/2024;12:37
Bimo; Saya mencari Concealer Kemangi yang tahan air.;12/06/2024;12:38
Bot; Concealer Kemangi tersedia dalam formula tahan air yang memastikan makeup tetap rapi sepanjang hari.;12/06/2024;12:39
Citra; Apakah Lipstick Lengkeng tersedia dalam warna nude?;13/06/2024;12:40
Bot; Ya, kami memiliki Lipstick Lengkeng dalam beberapa pilihan warna nude yang menarik.;13/06/2024;12:41
Dina; Bagaimana cara membersihkan makeup waterproof dengan aman?;14/06/2024;12:42
Bot; Untuk membersihkan makeup waterproof, gunakan pembersih berbasis minyak atau micellar water. Usap lembut dan bilas dengan air hangat.;14/06/2024;12:43
Eko; Saya ingin mencoba Highlighter Durian dalam warna silver.;01/06/2024;12:44
Bot; Highlighter Durian dalam warna silver akan memberikan kilau yang menawan. Anda bisa memesannya sekarang.;01/06/2024;12:45
Fani; Apakah Blush On Jeruk mudah dibaurkan?;02/06/2024;12:46
Bot; Ya, Blush On Jeruk memiliki tekstur yang mudah dibaurkan sehingga Anda bisa mendapatkan tampilan yang merata dan alami.;02/06/2024;12:47
Gani; Saya ingin memesan Foundation Jeruk dengan SPF 30.;03/06/2024;12:48
Bot; Foundation Jeruk dengan SPF 30 tersedia dan siap untuk dipesan. Silakan konfirmasi pesanan Anda.;03/06/2024;12:49
Hani; Apakah Loose Powder Kedondong dapat digunakan untuk baking makeup?;04/06/2024;12:50
Bot; Ya, Loose Powder Kedondong sangat baik untuk teknik baking karena mampu memberikan hasil akhir yang halus dan tahan lama.;04/06/2024;12:51
Intan; Saya mencari Concealer Kemangi yang cocok untuk semua jenis kulit.;05/06/2024;12:52
Bot; Concealer Kemangi diformulasikan untuk cocok dengan semua jenis kulit, memberikan hasil yang natural dan menutupi dengan baik.;05/06/2024;12:53
Joko; Apakah Lipstick Lengkeng tersedia dalam warna pink?;06/06/2024;12:54
Bot; Ya, kami memiliki Lipstick Lengkeng dalam berbagai pilihan warna pink yang menarik.;06/06/2024;12:55
Kiki; Bagaimana cara membersihkan makeup waterproof dengan aman?;07/06/2024;12:59
Bot; Gunakan spons atau kuas besar untuk mengaplikasikan Loose Powder Kedondong secara merata di wajah, terutama pada area yang sering berminyak.;07/06/2024;12:53
Hani; Apakah Loose Powder Kedondong dapat digunakan untuk baking makeup?;04/06/2024;12:50
Bot; Ya, Loose Powder Kedondong sangat baik untuk teknik baking karena mampu memberikan hasil akhir yang halus dan tahan lama.;04/06/2024;12:51
Hani; Bagaimana cara terbaik untuk mengaplikasikan Loose Powder Kedondong?;05/06/2024;12:52
Bot; Gunakan spons atau kuas besar untuk mengaplikasikan Loose Powder Kedondong secara merata di wajah, terutama pada area yang sering berminyak.;05/06/2024;12:53
Hani; Apakah Loose Powder Kedondong mengandung paraben?;06/06/2024;12:54
Bot; Tidak, Loose Powder Kedondong bebas dari paraben sehingga aman digunakan sehari-hari.;06/06/2024;12:55
Hani; Apakah Loose Powder Kedondong cocok untuk kulit sensitif?;07/06/2024;12:56
Bot; Ya, Loose Powder Kedondong cocok untuk kulit sensitif karena formulanya yang lembut dan tidak mengandung bahan iritan.;07/06/2024;12:57
Hani; Bagaimana cara membersihkan kuas setelah mengaplikasikan Loose Powder Kedondong?;08/06/2024;12:58
Bot; Cuci kuas dengan sabun lembut dan air hangat, bilas hingga bersih, lalu keringkan dengan handuk bersih.;08/06/2024;12:59
Intan; Saya mencari Concealer Kemangi yang cocok untuk semua jenis kulit.;05/06/2024;12:52
Bot; Concealer Kemangi diformulasikan untuk cocok dengan semua jenis kulit, memberikan hasil yang natural dan menutupi dengan baik.;05/06/2024;12:53
Intan; Apakah Concealer Kemangi bisa digunakan untuk menyamarkan lingkaran hitam?;06/06/2024;13:00
Bot; Ya, Concealer Kemangi efektif untuk menyamarkan lingkaran hitam di bawah mata dengan memberikan coverage yang baik.;06/06/2024;13:01
Intan; Bagaimana cara terbaik untuk mengaplikasikan Concealer Kemangi?;07/06/2024;13:02
Bot; Aplikasikan Concealer Kemangi dengan ujung jari atau kuas concealer, dan tap-tap perlahan hingga merata.;07/06/2024;13:03
Intan; Apakah Concealer Kemangi tahan lama?;08/06/2024;13:04
Bot; Ya, Concealer Kemangi dirancang untuk tahan lama dan tidak mudah luntur, cocok untuk digunakan sepanjang hari.;08/06/2024;13:05
Intan; Bisakah Concealer Kemangi digunakan sebagai highlighter?;09/06/2024;13:06
Bot; Concealer Kemangi bisa digunakan sebagai highlighter untuk memberikan efek terang pada area tertentu di wajah.;09/06/2024;13:07
Joko; Apakah Lipstick Lengkeng tersedia dalam warna pink?;06/06/2024;12:54
Bot; Ya, kami memiliki Lipstick Lengkeng dalam berbagai pilihan warna pink yang menarik.;06/06/2024;12:55
Joko; Apakah Lipstick Lengkeng tahan lama?;07/06/2024;13:08
Bot; Ya, Lipstick Lengkeng memiliki formula yang tahan lama, sehingga dapat bertahan sepanjang hari.;07/06/2024;13:09
Joko; Bagaimana cara mengaplikasikan Lipstick Lengkeng agar tidak mudah pudar?;08/06/2024;13:10
Bot; Gunakan lip liner terlebih dahulu, lalu aplikasikan Lipstick Lengkeng dan blot dengan tisu. Aplikasikan lagi untuk hasil lebih tahan lama.;08/06/2024;13:11
Joko; Apakah Lipstick Lengkeng mengandung bahan pelembap?;09/06/2024;13:12
Bot; Ya, Lipstick Lengkeng mengandung bahan pelembap untuk menjaga bibir tetap lembut dan tidak kering.;09/06/2024;13:13
Joko; Apakah Lipstick Lengkeng aman untuk digunakan sehari-hari?;10/06/2024;13:14
Bot; Tentu, Lipstick Lengkeng aman digunakan sehari-hari karena terbuat dari bahan-bahan yang aman dan tidak berbahaya.;10/06/2024;13:15
Lina; Saya ingin mencoba Highlighter Durian dalam warna silver.;10/06/2024;12:06
Bot; Highlighter Durian dalam warna silver akan memberikan kilau yang menawan. Anda bisa memesannya sekarang.;10/06/2024;12:07
Lina; Bagaimana cara mengaplikasikan Highlighter Durian untuk hasil yang maksimal?;11/06/2024;13:16
Bot; Aplikasikan Highlighter Durian dengan kuas kecil pada area yang ingin ditonjolkan, seperti tulang pipi, tulang alis, dan ujung hidung.;11/06/2024;13:17
Lina; Apakah Highlighter Durian tahan lama?;12/06/2024;13:18
Bot; Ya, Highlighter Durian tahan lama dan dapat memberikan kilau sepanjang hari.;12/06/2024;13:19
Lina; Apakah Highlighter Durian cocok untuk semua warna kulit?;13/06/2024;13:20
Bot; Ya, Highlighter Durian cocok untuk semua warna kulit karena warna silvernya dapat memberikan efek kilau yang universal.;13/06/2024;13:21
Lina; Bagaimana cara membersihkan sisa Highlighter Durian di wajah?;14/06/2024;13:22
Bot; Gunakan pembersih makeup atau micellar water dan kapas untuk membersihkan sisa Highlighter Durian di wajah.;14/06/2024;13:23
